<customapiresponseproperty uniquename="PrimaryIdAttribute">
  <description default="PrimaryIdAttribute of the Table">
    <label description="PrimaryIdAttribute of the Table" languagecode="1033" />
  </description>
  <displayname default="GetTableInfo-Out-PrimaryIdAttribute">
    <label description="GetTableInfo-Out-PrimaryIdAttribute" languagecode="1033" />
  </displayname>
  <iscustomizable>1</iscustomizable>
  <name>GetTableInfo-Out-PrimaryIdAttribute</name>
  <type>10</type>
</customapiresponseproperty>