<customapiresponseproperty uniquename="Exists">
  <description default="Does the Key passed in parameter exists in the system">
    <label description="Does the Key passed in parameter exists in the system" languagecode="1033" />
  </description>
  <displayname default="GetEnvironmentVariable-Out-Exists">
    <label description="GetEnvironmentVariable-Out-Exists" languagecode="1033" />
  </displayname>
  <iscustomizable>1</iscustomizable>
  <name>GetEnvironmentVariable-Out-Exists</name>
  <type>0</type>
</customapiresponseproperty>