<customapiresponseproperty uniquename="ValueDecimal">
  <description default="Environment variable when type is Decimal">
    <label description="Environment variable when type is Decimal" languagecode="1033" />
  </description>
  <displayname default="GetEnvironmentVariable-Out-ValueDecimal">
    <label description="GetEnvironmentVariable-Out-ValueDecimal" languagecode="1033" />
  </displayname>
  <iscustomizable>1</iscustomizable>
  <name>GetEnvironmentVariable-Out-ValueDecimal</name>
  <type>2</type>
</customapiresponseproperty>